retailer,store_number,address
SDM,203,"1301 Main St, Penticton, BC V2A 5E9"
SDM,205,"32900 South Fraser Way, Abbotsford, BC V2S 5A1"
SDM,211,"1215c 56th Street, Delta, BC V4L 2A6"
SDM,214,"6508 East Hastings St, Burnaby, BC V5B 1S2"
SDM,217,"45905 Yale Rd, Chilliwack, BC V2P 2M6"
SDM,225,"2271 Harvey Ave, Kelowna, BC V1Y 6H2"
SDM,230,"3417 31st Avenue, Vernon, BC V1T 2H6"
SDM,231,"1960 Como Lake Ave, Coquitlam, BC V3J 3R3"
SDM,253,"7155 Kingsway, Burnaby, BC V5E 2V1"
SDM,255,"6339 200th Street, Langley, BC V2Y 1A2"
SDM,258,"22196 50th Ave, Langley, BC V2Y 2V4"
SDM,261,"2121 E. Trans-Canada Hwy., Kamloops, BC V2C 4A6"
SDM,262,"8305 Main St, Osoyoos, BC V0H 1V0"
SDM,265,"17790 Highway 10, Surrey, BC V3S 1C7"
SDM,267,"10153 King George Hwy, Surrey, BC V3T 2W1"
SDM,273,"15105 16 Avenue, Surrey, BC V4A 6G3"
SDM,277,"1210 Summit Drive, Kamloops, BC V2C 6M1"
SDM,279,"610 6th St, New Westminster, BC V3L 3C2"
SDM,286,"700 Tranquille Rd, Kamloops, BC V2B 3H9"
SDM,287,"4030 200th Street, Langley, BC V3A 1K7"
SDM,2113,"20678 Willoughby Town Centre Drive, Langley, BC V2Y 0L7"
SDM,2125,"5955 Main Street, Oliver, BC V0H 1T0"
SDM,2131,"3327 Lakeshore Road, Kelowna, BC V1W 3S9"
SDM,2132,"1030 Frost Road, Kelowna, BC V1W 0E4"
SDM,2134,"11939 240th Street, Maple Ridge, BC V4R 1M7"
SDM,2143,"2850 Shaughnessy Street, Port Coquitlam, BC V3C 6K5"
SDM,2144,"10835 City Parkway, Surrey, BC V3T 0L2"
SDM,2149,"15691 104th Ave, Surrey, BC V4N 2H4"
SDM,2153,"9970 Main Street, Lake Country, BC V4V 2T9"
SDM,2161,"5000 Canoe Pass Way, Tsawwassen First Nation, BC V4M 0B3"
SDM,2203,"3025 Lougheed Highway, Coquitlam, BC V3B 6S2"
SDM,2204,"20395 Lougheed Hwy, Maple Ridge, BC V2X 2P9"
SDM,2205,"20159 88 Ave, Langley, BC V1M 0A4"
SDM,2207,"102 22441 Dewdney Trunk Rd, Maple Ridge, BC V2X 7X7"
SDM,2208,"32530 Lougheed Highway, Mission, BC V2V 1A5"
SDM,2209,"19150 Lougheed Highway, Pitt Meadows, BC V3Y 2H6"
SDM,2210,"4460 Lougheed Hwy, Burnaby, BC V5C 0H6"
SDM,2212,"8962 152nd Street, Surrey, BC V3R 4E4"
SDM,2216,"2475 Dobbin Road, West Kelowna, BC V4T 2E9"
SDM,2217,"301 Highway 33 West, Kelowna, BC V1X 1X8"
SDM,2222,"7322 King George Blvd, Surrey, BC V3W 5A5"
SDM,2231,"12830 96th Avenue, Surrey, BC V3V 6A8"
SDM,2235,"7538 120th Street, Surrey, BC V3W 3N1"
SDM,2238,"101 12080 Nordel Way, Surrey, BC V3W 1P6"
SDM,2239,"18677 Fraser Hwy, Surrey, BC V3S 8E7"
SDM,2243,"811 Columbia Street, New Westminster, BC V3M 1B9"
SDM,2244,"3215 St Johns Street, Port Moody, BC V3H 2E1"
SDM,2250,"343 4800 Kingsway, Burnaby, BC V5H 4J2"
SDM,2251,"45800 Promontory Road, Chilliwack, BC V2R 5Z5"
SDM,2255,"3433 North Road, Burnaby, BC V3J 0A9"
SDM,2263,"16050 24th Avenue, Surrey, BC V3Z 0R5"
SDM,2264,"876 Village Drive, Port Coquitlam, BC V3B 0G9"
SDM,2266,"26310 Fraser Highway, Aldergrove, BC V4W 2Z7"
SDM,2267,"1972 Kane Road, Kelowna, BC V1V 3C4"
SDM,2270,"15157 56 Avenue, Surrey, BC V3S 9A5"
SDM,2271,"4376 27th Street, Vernon, BC V1T 4Y4"
SDM,2283,"4827 Kingsway, Burnaby, BC V5H 4T6"
SDM,2288,"2332 Whatcom Road, Abbotsford, BC V3G 0C1"
SDM,2290,"32390 South Fraser Way, Abbotsford, BC V2T 1X2"
SDM,2297,"525 Highway 97 S, West Kelowna, BC V1Z 4C9"
SDM,2299,"2306 Highway 6, Vernon, BC V1T 7E3"
LD,3,"100 - 555 Sixth Street, New Westminster, British Columbia, V3L 5H1"
LD,9,"2300 - 10355 152 Street, Surrey, British Columbia, V3R 7B9"
LD,12,"400 - 1950 Harvey Avenue, Kelowna, British Columbia, V1Y 8J8"
LD,15,"1030 - 2929 Barnet Highway, Coquitlam, British Columbia, V3B 5R5"
LD,16,"32900 South Fraser Way, Abbotsford, British Columbia, V2S 5A1"
LD,17,"7303 - 120th Street, Delta, British Columbia, V4C 6P5"
LD,18,"1B - 20202 - 66 Avenue, Langley, British Columbia, V2Y 1P3"
LD,25,"101 - 9855 Austin Avenue, Burnaby, British Columbia, V3J 1N4"
LD,35,"216 - 450 Lansdowne Street, Kamloops, British Columbia, V2C 1Y3"
LD,37,"5237 - 48 Avenue, Delta, British Columbia, V4K 1W4"
LD,39,"700 - 4400 32 Street, Vernon, British Columbia, V1T 9H2"
LD,41,"21 - 45585 Luckakuck Way, Chilliwack, British Columbia, V2R 1A1"
LD,42,"100 - 15355 24 Avenue, South Surrey, British Columbia, V4A 2H9"
LD,47,"101 - 22709 Lougheed Highway, Maple Ridge, British Columbia, V2X 2V5"
LD,55,"200 - 32555 London Avenue, Mission, British Columbia, V2V 6M7"
LD,56,"1116-1920 Willingdon Ave, Burnaby, British Columbia, V5C 0K3"
LD,70,"165 - 2111 Main Street, Penticton, British Columbia, V2A 6W6"
LD,71,"7280 Market Crossing, Burnaby, British Columbia, V5J 0A2"
LD,75,"821 - 17685 64 Avenue, Surrey, British Columbia, V3S 1Z2"
LD,76,"2151 Louie Drive, Westbank, British Columbia, V4T 3E6"
LD,81,"130 - 15850 26 Avenue, South Surrey, British Columbia, V3S 2N6"
SEP,530,"2929 Barnet Hwy Unit #2730, Coquitlam, BC V3B 5R5"
SEP,536,"4700 Kingsway #2310A, Burnaby, BC V5H 4P1"
SEP,558,"2271 Harvey Ave Suite #935, Kelowna, BC V1Y 6H2"
SEP,580,"10355 152 St Suite #2040, Surrey, BC V3R 7C1"
SEP,878,"1320 Trans-Canada Hwy #208A, Kamloops, BC V1S 1J2"
SEP,1506,"19705 Fraser Hwy Unit 231, Langley, BC V3A 7E9"
SEP,1510,"4525 Lougheed Hwy. #1309, Burnaby, BC V5C 0K3"
SEP,1532,"2428 160 St Unit #20, Surrey, BC V3Z 0C8"
SEP,1630,"5000 Canoe Pass Wy Unit 119, Tsawwassen, BC V4M 0B3"
SEP,1646,"10153 King George Blvd Unit 306, Surrey, BC V3T 2W1"
SEP,1652,"45585 Luckakuck Way ST #28A, Chilliwack, BC V2R 1A1"
REX,7163,"6200 McKay Ave Unit 140, Burnaby, BC V5H 4M3"
REX,7122,"1801 Princeton Kamloops Hwy, Kamloops, BC V2E 2J7"
REX,7141,"13655 Fraser Hwy, Unit 150 Surrey, BC V3T 0P8"
REX,7161,"32471 Lougheed Highway, Unit #110 Mission, BC V2V 0C8"